2,"saving these bingo cards for tomorrow 
©
 #AvengersEndgame "
4,Still not emotionally prepared for #AvengersEndgame tomorrow <U+0001F616>
2,Steering clear of social media until I see #AvengersEndgame
4,Alan Master of the rod #animation #art #movies #stopmotionanimation #StopMotion #shark… 
0,Finally watched #CaptainMarvel in preparation for tomorrow’s #AvengersEndgame I didn’t enjoy it—too many spaceship… 
2,#AvengersEndgame mini reviews coming in <U+0001F525><U+0001F525><U+0001F525> Be careful out there everyone
4,i cant stress enough how excited i am for Endgame aghhhh #AvengersEndgame 
2,"Total  6 Infinity Stones 

#Retweet #AvengersArmyAtPVR #AvengersEndgame#ContestAlert… "
2,We are yet to witness #AvengersEndgame however I hope the directors of #ThugsOfHindostan #Race3 #Tubelight #zero a… 
2,Parang masarap mag happy hour and dinner dito tonight haha #avengersendgame opens tomorrow (with subtitles) <U+0001F923><U+270C><U+FE0F>A… 
4,Amazing to think that Jane Foster gives birth to twins then dies of a broken heart at the end of #AvengersEndgame Can’t wait for Phase 4
4,Rewatching the marvel films in preparation for this week’s pod (and end game obviously Phase 1 is odd They’re all… 
2,Actually going Thursday night Bring on the actionYou’ll see me at the theater #OpeningNight I c… 
2,"Youhuh uh you should've aimed for the head
The #Decimation in #Avengers #InfinityWar #AvengersInfinityWar th… "
2,also these two <U+0001F62D><U+0001F499><U+2728> #CaptainAmerica #BlackWidow #AvengersEndgame 
2,"#DoctorStrange
<U+0001F339><U+0001F339><U+0001F339><U+0001F339> (40 out of 50 Roses)
#StephenStrange #BenedictCumberbatch #Marvel #MarvelUniverse #MCU… "
2,"Yes I'm talking about honour not ideology

The Russia House 

#quote 
#movie"
2,"Total  6 Infinity Stones 

#Retweet #AvengersArmyAtPVR #AvengersEndgame#ContestAlert… "
2,"EITRI (King of the Dwarves of Nidavellir)

#AvengersEndgame  #AvengersEndgameOnTicketNew
#Avengers  
#WhateverItTakes"
2,This is Madness #AvengersEndgame 
2,UMMM rdj being surprised by both gwyneth AND chris evans during an interview remains being superior than literally… 
4,"Is it real<U+0001F632><U+0001F4A5><U+0001F4A5>
#AvengersEndgame #MarvelStudios "
4,"I am so excited to watch the end game  waiting for the movie
#AvengersEndgame #avengers… "
2,"
Ans 2) Zen-Whoberi

#AvengersEndgameOnTicketNew
Guys Join Now To Win #AvengersEndgame Tickets… "
0,I beseech you good people #AvengersEndgame Spoilers are in the wild people are assholes they will spoil the movie… 
2,natalie portman was at the red carpet of #AvengersEndgame excuse me what is going on here
2,"Thanos (infinity war)  You should have gone for the head
Thanos (endgame)  (wears a helmet)

<U+0001F602><U+0001F602><U+0001F602> Tapos naka doubl… "
0,"Fascism Isn't Coming It's Here - David Icke
#ufos #aliens #socialmedia #marketing… "
2,"Whatever it Takes 
#FortniteXAvengers  #FortniteCreative #Fortnite #marvel #avengers #AvengersEndgame #IronMan… "
2,Only a few more day until #AvengersEndgame  #TuesdayThoughts 
2,"@MarvelStudios A2) Thor- The God Of Thunder 

#OPPOxAvengers #AvengersEndgame"
2,“SEBASTIAN STAN MAN YOU’RE LOOKING GOOD” #AvengersEndgame 
2,When your fiancé surprises you with #AvengersEndgame tickets <U+0001F60D><U+0001F60D> 
4,HeyI’ll be catching the heart-pumping action of Marvel Studios’ #AvengersEndgame on #OpeningWeekend
2,The new #film #Macosacidiceilcervello starringdominates the Italian #boxoffice chart followed… 
2,Anyone need a refresher before #AvengersEndgame Check out our #InfinityWar episode to prepare yourself <U+0001F47E>… 
2,Deactivate before the showing of #AvengersEndgame
2,Those who we going for #AvengersEndGame this Thursday tujuane <U+261D><U+FE0F><U+0001F603>
4,MY WOMAN #AvengersEndgame 
2,parents i'm not yet ready #AvengersEndgame 
4,The countdown is on I’m beyond excited <U+0001F606> #AvengersEndgame
2,#AvengersEndgame early reactions (Spoiler free) and the Avengers cast sings on
4,Man I love you (no homo) I can't wait to see this #AvengersEndgame <U+0001F987><U+0001F987> 
2,Lady #Loki <U+2728><U+0001F40D> managed to finish this before #AvengersEndGame comes out<U+2728><U+2728> 
2,#AvengersEndgame got my penis tingling Cap or Tony gonna get killed off and I'm so ready for it Maybe even both
2,"Truly the situation at #BookMyShow for #AvengersEndgame tickets as they are vanishing thick and fast
#Thanos snap… "
2,"#DoctorStrange
<U+0001F339><U+0001F339><U+0001F339><U+0001F339> (40 out of 50 Roses)
#StephenStrange #BenedictCumberbatch #Marvel #MarvelUniverse #MCU… "
2,"TEAM ROMANOGERS whatever it takes

#CaptainAmerica #BlackWidow "
2,"We have THREE Days left until you can LEGALLY see #AvengersEndgame

Check out our Marvel Rewind of Avengers Infin… "
2,Thursday #NFLDraft goFriday #AvengerEndgame #ironman #CaptainMavel #CaptainAmerica #thor #hulk… 
2,"y'all better share these pics <U+0001F624>

#AvengersEndgame 
#MarvelStudios 
#MarvelBioChain 
#InfinityBio 
@Russo_Brothers "
4,HeyI’ll be catching the heart-pumping action of Marvel Studios’ #AvengersEndgame on #OpeningWeekend
2,OH CAPTAINS MY CAPTAINS #CaptainAmerica #CaptainMarvel #AvengersEndgame 
2,"help us do it 

#AvengersEndgame 
#MarvelStudios 
#MarvelBioChain 
#InfinityBio 
@Russo_Brothers"
4,HeyI’ll be catching the heart-pumping action of Marvel Studios’ #AvengersEndgame on #OpeningWeekend
2,"Radio silence until after Thursday #AvengersEndgame 

In the meantime here are two dogs at sunset "
2,Anyone else sing Taylor Swift’s Endgame in their head everytime someone mentions #AvengersEndgame 
4,i’m so sad but so happy at the same time all i have to say is thank you to this cast for everything they’ve done… 
2,Don't waste your life #AvengersEndgame #MCUMarathon 
2,I believeis canceling classes on Friday #uindy bc of the premiere #AvengersEndgame Please Kory Please
4,I am blessed #AvengersEndgame 
2,Tix ready #AvengersEndgame 
4,"me tomorrow after watching #Endgame
#avengers #avengersendgame 
i am gonna beso proud of everyone no matter what be… "
2,"@MarvelThe man has lost the previous contests

This time the avenger is going to unleash h… "
2,Did Brie Larson Leak Thanos Kill On Avengers Endgame Red Carpet viaHey…
2,"Snap 12x18<U+0001F3A8>
#art #Thanos #Endgame #AvengersEndgame #artsy #artwork #acrylicpainting #acryliconcanvas "
0,Seeing Natalie Portman at #AvengersEndgame premiere just brings back the hurt over what could have been - when Patt… 
2,"Left Eye 

#AvengersEndgame #AvengersArmyAtPVR #TuesdayThoughts @BorkuteR"
2,"Big Pharma - Buying Up Your Genetic Data - David Icke
#ufos #aliens #socialmedia… "
2,"Follow Like Share #AvengersEndgame Finally 
#halifax #comedy #podcast
Available on@iTunes
And… "
2,"Eitri made #Thanos  gauntlet
#Avengers #AvengersEndgame
#AvengersEndgameOnTicketNew 
Join this tweeps… "
2,#Northern #CA #movie #theater #patron had #measles The US #outbreak #toll is #nearing a #record… 
4,"Not even a fan of Avengers but I love these guys <U+2764><U+FE0F><U+2764><U+FE0F><U+2764><U+FE0F>
Coming soon #AvengersEndgame "
4,I’m watching #AvengersEndgame in less than 12 hours I’m so excited yet scared
2,"#WTS #AvengersEndgame tickets at One Belpark (good seats)
Saturday April 27th 0215 PM seat D13 D14
Saturday Ap… "
2,@parentsmagazine #PatriotsAwakened #DisneyNight #DisneynaturePenguins #ThesePeopleAreSick… 
2,"#ContestAlert
#AvengersEndgame 
#AvengersArmyAtPVR 
#TuesdayThoughts 
Six Infinity Stones exist in the MCU"
2,"Spread spread 

#MarvelBioChain #InfinityBio #AvengersEndgame@Marvel "
2,"3 Days Left#EndGame@marvel@marvelstudios 
#MarvelFan #TrueMarvelFan… "
2,"Strategic Hazard Intervention Espionage Logistics Division

 #AvengersArmyAtPVR #AvengersEndgame… "
2,"#AvengersEndgame First #Review By #AshishChanchlani | First #Indian To Watch The Movie | Emotional

#Avengers… "
2,Anyone interested for #AvengersEndgame 2D tickets in Tivoli  I've 6 of them  for further details please DM me
2,Avengers Endgame come at me <U+0001F60D> #AvengersEndgame
2,"Who’s ready for the #endgame <U+0001F631>
•
•
•
#avengers #endgame #avengersendgame #avengers4 #avengersmovie #marvel… "
4,i love them with all of my heart i’m just so emo #AvengersEndgame 
2,"Prepping myself up for Avengers Endgame <U+0001F3A5><U+0001F37F>

MCU marathon happening now and a re-run of Avengers Infinity War is a… "
2,2 more sleeps #AvengersEndgame
2,"heyy y'all please share these pics and make sure to use the tag

#AvengersEndgame 
#MarvelStudios 
#MarvelBioChain… "
2,@realDonaldTrump@DNC@federalreserve@Harvard@Princeton@Columbia… 
2,"Here's my screenshot 
#AvengersArmyAtPVR #AvengersEndgame #Avengers 

@SravanR47828630 "
2,After #Viswasam #Petta &amp #Kanchana3 #AvengersEndgame will open to a double digit collection on Day 1 in Tamil Nadu… 
0,#AvengersEndgame minor spoiler but it’s really missing Ed Norton and Liv Tyler The emotional weight the cast can’t… 
2,"A warm triest to ever Indian please read it once and sharethanks
#ModiBiopic
#ModiAgainSaysIndia
#IndiaElects… "
4,The rumors I've been hearing about #AvengersEndgame are very promising I can't wait until I can watch it (on dvd)
4,"Eagerly waiting now #AvengersEndgame 
#endgameonBMS #Endgame  #Marvel
#Contest #ContestAlert #ContestIndia #BMSContest"
2,"The Attack On The Alternative Media - David Icke
#ufos #aliens #socialmedia… "
2,"Run from spoilers
#run #spoilers #avengersendgame #avengers #russobrothers #sketch #draw #freelance #artist #art… "
4,Bring on the actionYou’ll see me at the theater #OpeningNight I can’t wait to see Marvel Studios’ #AvengersEndgame
2,"Left Eye 

#AvengersEndgame #AvengersArmyAtPVR #TuesdayThoughts "
2,MY FAMILY im gonna miss them so much <U+0001F927> #AvengersEndgame 
2,Do not assume unless otherwise stated You know that I miss you Noelle #AvengersEndgame na Tara with Kate
